233,Whole Earth Crunchy Peanut Butter,3.85,Waitrose,,https://ecom-su-static-prod.wtrecom.com/images/products/4/LN_561503_BP_4.jpg,peanut butter,283,338,322,-1
234,Whole Earth Golden Roasted Peanut Butter,3.3,Waitrose,,https://ecom-su-static-prod.wtrecom.com/images/products/4/LN_727873_BP_4.jpg,peanut butter,274,353,324,-1
235,Kellogg's Crunchy Nut Crunchy Peanut Butter,2.6,Waitrose,,https://ecom-su-static-prod.wtrecom.com/images/products/4/LN_561964_BP_4.jpg,peanut butter,278,372,308,-1
236,Meridian Rich Roast Smooth Peanut Butter,2.79,Waitrose,,https://ecom-su-static-prod.wtrecom.com/images/products/4/LN_741775_BP_4.jpg,peanut butter,260,352,298,-1
237,ManiLife Rich Cocoa Crunchy Peanut Butter,3,Waitrose,,https://ecom-su-static-prod.wtrecom.com/images/products/4/LN_569563_BP_4.jpg,peanut butter,284,351,330,-1
238,Whole Earth Crunchy Peanut Butter,2.85,Waitrose,,https://ecom-su-static-prod.wtrecom.com/images/products/4/LN_735444_BP_4.jpg,peanut butter,283,338,322,-1
239,Manilife Deep Roast Crunchy Peanut Butter,8.5,Waitrose,,https://ecom-su-static-prod.wtrecom.com/images/products/4/LN_779643_BP_4.jpg,peanut butter,284,354,316,-1
240,Meridian Smooth Peanut Butter,3.99,Waitrose,,https://ecom-su-static-prod.wtrecom.com/images/products/4/LN_474467_BP_4.jpg,peanut butter,260,352,298,-1
241,Meridian Crunchy Peanut Butter,3.99,Waitrose,,https://ecom-su-static-prod.wtrecom.com/images/products/4/LN_867502_BP_4.jpg,peanut butter,260,351,297,-1
242,ManiLife Original Roast Crunchy Peanut Butter,10,Waitrose,,https://ecom-su-static-prod.wtrecom.com/images/products/4/LN_860520_BP_4.jpg,peanut butter,275,350,315,-1
243,Whole Earth Crunchy Almond Butter,4.5,Waitrose,,https://ecom-su-static-prod.wtrecom.com/images/products/4/LN_441900_BP_4.jpg,peanut butter,283,338,322,-1
244,Meridian Crunchy Peanut Butter,6.8,Waitrose,,https://ecom-su-static-prod.wtrecom.com/images/products/4/LN_495281_BP_4.jpg,peanut butter,260,351,297,-1
245,Essential Wholenut Peanut Butter,1.6,Waitrose,,https://ecom-su-static-prod.wtrecom.com/images/products/4/LN_004655_BP_4.jpg,peanut butter,260,352,310,-1
246,Duchy Organic Crunchy Peanut Butter,2.2,Waitrose,,https://ecom-su-static-prod.wtrecom.com/images/products/4/LN_803560_BP_4.jpg,peanut butter,283,363,306,-1
247,Meridian Crunchy Cashew Butter,3.09,Waitrose,,https://ecom-su-static-prod.wtrecom.com/images/products/4/LN_818811_BP_4.jpg,peanut butter,284,366,297,-1
248,ManiLife Deep Roast Crunchy Peanut Butter,3.99,Waitrose,,https://ecom-su-static-prod.wtrecom.com/images/products/4/LN_823741_BP_4.jpg,peanut butter,284,354,316,-1
249,Duchy Organic Smooth Peanut Butter,2.2,Waitrose,,https://ecom-su-static-prod.wtrecom.com/images/products/4/LN_757184_BP_4.jpg,peanut butter,277,352,289,-1
250,ManiLife Deep Roast Smooth Peanut Butter,3.99,Waitrose,,https://ecom-su-static-prod.wtrecom.com/images/products/4/LN_681889_BP_4.jpg,peanut butter,276,365,316,-1
251,Meridian Rich Roast Crunchy Peanut Butter,2.79,Waitrose,,https://ecom-su-static-prod.wtrecom.com/images/products/4/LN_442294_BP_4.jpg,peanut butter,268,351,297,-1
252,Meridian Crunchy Peanut Butter,7.49,Waitrose,,https://ecom-su-static-prod.wtrecom.com/images/products/4/LN_508329_BP_4.jpg,peanut butter,260,351,297,-1
253,ManiLife Original Roast Crunchy Peanut Butter,3.99,Waitrose,,https://ecom-su-static-prod.wtrecom.com/images/products/4/LN_844065_BP_4.jpg,peanut butter,275,350,315,-1
254,Marmite Crunchy Peanut Butter,2.6,Waitrose,,https://ecom-su-static-prod.wtrecom.com/images/products/4/LN_680867_BP_4.jpg,peanut butter,284,346,307,-1
255,Whole Earth Smooth Almond Butter,4.4,Waitrose,,https://ecom-su-static-prod.wtrecom.com/images/products/4/LN_855702_BP_4.jpg,peanut butter,274,364,324,-1
256,Whole Earth Smooth Peanut Butter,5.2,Waitrose,,https://ecom-su-static-prod.wtrecom.com/images/products/4/LN_883338_BP_4.jpg,peanut butter,274,364,324,-1
257,Essential Crunchy Peanut Butter,1.6,Waitrose,,https://ecom-su-static-prod.wtrecom.com/images/products/4/LN_004652_BP_4.jpg,peanut butter,273,351,297,-1
258,Whole Earth Crunchy Peanut Butter,5.2,Waitrose,,https://ecom-su-static-prod.wtrecom.com/images/products/4/LN_456603_BP_4.jpg,peanut butter,283,338,322,-1
259,Whole Earth Crunchy Peanut Butter,5.2,Waitrose,,https://ecom-su-static-prod.wtrecom.com/images/products/4/LN_456603_BP_4.jpg,peanut butter,283,338,322,-1
260,Meridian Smooth Peanut Butter 1Kg,6.5,Tesco,,https://digitalcontent.api.tesco.com/v2/media/ghs/88fee5fe-59a1-4470-963d-827f6e9a2b13/ecb0cdaa-0299-4227-be2a-8013b4b65825_1527882066.jpeg?h=540&w=540,peanut butter,-1,352,298,240
261,Sunpat Peanut Butter Smooth 400G,3,Tesco,,https://digitalcontent.api.tesco.com/v2/media/ghs/e5e4454b-b156-45ae-b0f3-ae0831be5e57/991237d0-c436-45f8-ac26-b0042c670713_1313355095.jpeg?h=540&w=540,peanut butter,-1,336,301,240
262,Nuts About Nature Peanut Butter Crunchy 340G,1.75,Tesco,,https://digitalcontent.api.tesco.com/v2/media/ghs/3f5be202-e9da-499b-b729-cbce4c749b16/snapshotimagehandler_1782678210.jpeg?h=540&w=540,peanut butter,-1,372,294,256
263,Nuts About Nature Peanut Butter Smooth 340G,1.75,Tesco,,https://digitalcontent.api.tesco.com/v2/media/ghs/61873055-fa1f-41d7-b2cf-1679a062113d/snapshotimagehandler_120330820.jpeg?h=540&w=540,peanut butter,-1,365,293,256
264,Stockwell & Co Crunchy Peanut Butter 340G,0.89,Tesco,,https://digitalcontent.api.tesco.com/v2/media/ghs/fa6d2fca-61df-4965-aeaf-8e8d4d7cd91a/fa2f307b-7217-4a72-b917-472d54a03618_1435160309.jpeg?h=540&w=540,peanut butter,-1,359,314,254
265,Tesco 100% Smooth Peaunt Butter 280G,1,Tesco,,https://digitalcontent.api.tesco.com/v2/media/ghs/9d75fcf3-16b7-46a1-923d-fe6f12b99aae/23ce9e60-7488-4560-8099-60ed4428ba39_1219346580.jpeg?h=540&w=540,peanut butter,-1,349,298,256
266,Tesco 100% Crunchy Peanut Butter 280G,1,Tesco,,https://digitalcontent.api.tesco.com/v2/media/ghs/6af4e3dd-d020-4835-b694-3b54915c7bb6/98454b86-b949-4c32-8385-1634a6cc512d_1047465357.jpeg?h=540&w=540,peanut butter,-1,345,297,254
267,Tesco Smooth Peanut Butter 700G,2,Tesco,,https://digitalcontent.api.tesco.com/v2/media/ghs/14878c40-e8b6-4c96-9ecf-e2488a719515/e86b820d-6089-4788-8b39-ffc1bbdd5616_1629314464.jpeg?h=540&w=540,peanut butter,-1,341,303,240
268,Tesco Crunchy Peanut Butter 700G,2,Tesco,,https://digitalcontent.api.tesco.com/v2/media/ghs/43e56765-5a90-4862-80b7-b1b230baa346/4382a00a-548f-4dbb-8fb2-9c6ffa78b141_474409162.jpeg?h=540&w=540,peanut butter,-1,342,290,254
269,Tesco Crunchy Peanut Butter 340G,1.3,Tesco,,https://digitalcontent.api.tesco.com/v2/media/ghs/2e0c5531-413f-4f9c-8684-803d269d6d36/fb1c570e-0c25-4246-a535-1e842521e136_1281809992.jpeg?h=540&w=540,peanut butter,-1,342,302,254
270,Tesco Smooth Peanut Butter 340G,1.3,Tesco,,https://digitalcontent.api.tesco.com/v2/media/ghs/af0e732b-afe4-474d-a285-a94d4bd9d53e/e3c1498e-b704-4aa2-af14-2a18ef0d225b_1661645021.jpeg?h=540&w=540,peanut butter,-1,341,303,240
271,Nutella Chocolate Spread 350G,1.99,Tesco,,https://digitalcontent.api.tesco.com/v2/media/ghs/1efcdbdf-d887-4689-bd54-58e323c8f971/1e456992-abe7-44d6-98d6-fd3514fba69e_1956552469.jpeg?h=540&w=540,peanut butter,-1,375,314,235
272,Kp Smooth Peanut Butter 340G,2.5,Tesco,,https://digitalcontent.api.tesco.com/v2/media/ghs/01a5be60-99f4-4629-becc-48698f44aec4/defb090a-8cf0-4e58-bc5f-b9248f4335d6_432305594.jpeg?h=540&w=540,peanut butter,-1,341,318,240
273,Kp Crunchy Peanut Butter 340G,2.5,Tesco,,https://digitalcontent.api.tesco.com/v2/media/ghs/1de58ee4-e214-467d-90c6-340493a93645/f44843b1-ef98-4d89-9e7c-14377050cade_1258374938.jpeg?h=540&w=540,peanut butter,-1,342,314,254
274,Whole Earth Smooth Peanut Butter 454G,3.45,Tesco,,https://digitalcontent.api.tesco.com/v2/media/ghs/531165e9-608b-47c7-8f6c-ea6d70ed5e0d/59c513e3-d31d-4460-b9f8-5d42d65fcc46_46419051.jpeg?h=540&w=540,peanut butter,-1,364,295,256
275,Whole Earth Original Crunchy Peanut Butter 454G,3.45,Tesco,,https://digitalcontent.api.tesco.com/v2/media/ghs/e2432a63-6476-4562-a8b5-2428f4a12188/8874042b-867a-4fdd-a412-fbb0ae2fd0be_1392696749.jpeg?h=540&w=540,peanut butter,-1,350,291,233
276,Marmite Smooth Peanut Butter 225G,2.5,Tesco,,https://digitalcontent.api.tesco.com/v2/media/ghs/48efa6b5-97e4-4161-9583-cb8549216e90/7e47af88-cbd2-4d88-9bab-06377f5c2e6f_1575918114.jpeg?h=540&w=540,peanut butter,-1,344,307,240
277,Whole Earth Organic Smooth Peanut Butter 340G,3,Tesco,,https://digitalcontent.api.tesco.com/v2/media/ghs/764e0d20-8249-489b-be29-600cbce9f0f1/fa7259bf-5876-4136-94bf-67990da2b242_1898816649.jpeg?h=540&w=540,peanut butter,-1,353,289,256
278,Pip & Nut Crunchy Peanut Butter 300G,3,Tesco,,https://digitalcontent.api.tesco.com/v2/media/ghs/12e7cedc-4c58-4361-b3bf-9297444eeb4d/485e1b4b-4180-4172-955d-4cf3c91b8ac0_910314370.jpeg?h=540&w=540,peanut butter,-1,359,314,254
279,Sunpat Peanut Butter Crunchy 400G,3,Tesco,,https://digitalcontent.api.tesco.com/v2/media/ghs/61f477ad-c61f-41b2-b77a-a1d05e46fbb2/a418b7b7-f224-4a5d-968a-a54780422447_1857220908.jpeg?h=540&w=540,peanut butter,-1,372,294,240
280,Nutella Plus Cocoa Chocolate & Hazelnut Spread 350G,2.29,Tesco,,https://digitalcontent.api.tesco.com/v2/media/ghs/707959c9-8eb5-4fde-82fd-eaf513b1ef96/7dc066a8-09ca-494e-aabe-b4234b1a998c_1538050608.jpeg?h=540&w=540,peanut butter,-1,375,328,237
281,Pip & Nut Smooth Almond Butter 170G,3.25,Tesco,,https://digitalcontent.api.tesco.com/v2/media/ghs/6dcf40d9-8d82-4a4e-8206-ca2d0b0ec52a/261332c3-2286-48d4-ad33-de52d78a38d9_933184629.jpeg?h=540&w=540,peanut butter,-1,355,317,255
282,Pip & Nut Smooth Peanut Butter 300G,3,Tesco,,https://digitalcontent.api.tesco.com/v2/media/ghs/567187b2-1901-4df6-b2f4-a032343b39c2/d067a9ef-76c5-44ab-b1c2-e1b961c27ed8_579171679.jpeg?h=540&w=540,peanut butter,-1,365,318,240
283,Whole Earth Organic Crunchy Peanut Butter 340G,3,Tesco,,https://digitalcontent.api.tesco.com/v2/media/ghs/87e7f533-0513-4c34-a560-4e5006064ee3/aa890c63-03b5-4676-b77f-9a93ace9a277_1585060601.jpeg?h=540&w=540,peanut butter,-1,363,306,233
284,Marmite Crunchy Peanut Butter 225G,2.5,Tesco,,https://digitalcontent.api.tesco.com/v2/media/ghs/1b7b1a84-b0d3-454d-bec9-800f0d82751d/e07ed03c-e58e-4d3b-85c0-cc5ac7774732_1290924967.jpeg?h=540&w=540,peanut butter,-1,346,307,254
285,Pic's Peanut Butter Smooth 380G,2.95,Tesco,,https://digitalcontent.api.tesco.com/v2/media/ghs/f0f153bd-300e-4d3e-8a21-d0c219cbafa1/c6c06656-1876-4856-99b2-da6a19b2c67a_1477021006.jpeg?h=540&w=540,peanut butter,-1,342,293,254
286,Whole Earth Organic Crunchy Peanut Butter 340G,3,Tesco,,https://digitalcontent.api.tesco.com/v2/media/ghs/87e7f533-0513-4c34-a560-4e5006064ee3/aa890c63-03b5-4676-b77f-9a93ace9a277_1585060601.jpeg?h=540&w=540,peanut butter,-1,363,306,233
287,Marmite Crunchy Peanut Butter 225G,2.5,Tesco,,https://digitalcontent.api.tesco.com/v2/media/ghs/1b7b1a84-b0d3-454d-bec9-800f0d82751d/e07ed03c-e58e-4d3b-85c0-cc5ac7774732_1290924967.jpeg?h=540&w=540,peanut butter,-1,346,307,254
288,Pic's Peanut Butter Smooth 380G,2.95,Tesco,,https://digitalcontent.api.tesco.com/v2/media/ghs/f0f153bd-300e-4d3e-8a21-d0c219cbafa1/c6c06656-1876-4856-99b2-da6a19b2c67a_1477021006.jpeg?h=540&w=540,peanut butter,-1,342,293,254
289,Whole Earth Organic Smooth Peanut Butter 340g,3.3,Sainsburys,,https://assets.sainsburys-groceries.co.uk/gol/7790846/image.jpg,peanut butter,277,353,-1,256
290,Sun-Pat Crunchy Peanut Butter 570g,3.5,Sainsburys,,https://assets.sainsburys-groceries.co.uk/gol/8092563/image.jpg,peanut butter,284,337,-1,254
291,Whole Earth Crunchy Peanut Butter 454g,2.5,Sainsburys,,https://assets.sainsburys-groceries.co.uk/gol/7475749/image.jpg,peanut butter,275,338,-1,233
292,Hubbard's Foodstore Crunchy Peanut Butter 340g,0.89,Sainsburys,,https://assets.sainsburys-groceries.co.uk/gol/6377237/image.jpg,peanut butter,269,337,-1,254
293,Sainsbury's Peanut Butter Smooth 340g,1.3,Sainsburys,,https://assets.sainsburys-groceries.co.uk/gol/1179101/image.jpg,peanut butter,285,339,-1,254
294,Sainsbury's Peanut Butter Crunchy 340g,1.3,Sainsburys,,https://assets.sainsburys-groceries.co.uk/gol/1179095/image.jpg,peanut butter,279,372,-1,254
295,Whole Earth Smooth Peanut Butter 454g,2.5,Sainsburys,,https://assets.sainsburys-groceries.co.uk/gol/7475774/image.jpg,peanut butter,274,364,-1,256
296,Sainsbury's Peanut Butter Crunchy 700g,2.35,Sainsburys,,https://assets.sainsburys-groceries.co.uk/gol/7477604/image.jpg,peanut butter,279,372,-1,254
297,Meridian Crunchy Peanut Butter 280g,2.8,Sainsburys,,https://assets.sainsburys-groceries.co.uk/gol/7736777/image.jpg,peanut butter,260,351,-1,241
298,Meridian Smooth Peanut Butter 280g,2.8,Sainsburys,,https://assets.sainsburys-groceries.co.uk/gol/7736740/image.jpg,peanut butter,260,352,-1,240
299,Sainsbury's Peanut Butter Smooth 700g,2.35,Sainsburys,,https://assets.sainsburys-groceries.co.uk/gol/7477602/image.jpg,peanut butter,285,339,-1,254
300,Meridian Cashew Nut Butter 170g,3.3,Sainsburys,,https://assets.sainsburys-groceries.co.uk/gol/7475834/image.jpg,peanut butter,260,366,-1,247
301,Skippy Peanut Butter Smooth 340g,2.25,Sainsburys,,https://assets.sainsburys-groceries.co.uk/gol/3295816/image.jpg,peanut butter,261,339,-1,254
302,Sun-Pat Crunchy Peanut Butter 400g,2.5,Sainsburys,,https://assets.sainsburys-groceries.co.uk/gol/7904836/image.jpg,peanut butter,273,337,-1,254
303,Sun-Pat Smooth Peanut Butter 400g,2.5,Sainsburys,,https://assets.sainsburys-groceries.co.uk/gol/7904839/image.jpg,peanut butter,272,336,-1,240
304,"Sainsbury's Peanut Butter Smooth, SO Organic 340g",2.2,Sainsburys,,https://assets.sainsburys-groceries.co.uk/gol/7477117/image.jpg,peanut butter,285,373,-1,254
305,Meridian Crunchy Almond Butter 170g,3,Sainsburys,,https://assets.sainsburys-groceries.co.uk/gol/7861009/image.jpg,peanut butter,260,360,-1,241
306,Whole Earth Organic Crunchy Peanut Butter 340g,3.3,Sainsburys,,https://assets.sainsburys-groceries.co.uk/gol/7790834/image.jpg,peanut butter,283,363,-1,233
307,Marmite Crunchy Peanut Butter 225g,2.5,Sainsburys,,https://assets.sainsburys-groceries.co.uk/gol/7961503/image.jpg,peanut butter,284,346,-1,254
308,Pip & Nut Crunchy Peanut Butter 1kg,6.75,Sainsburys,,https://assets.sainsburys-groceries.co.uk/gol/7940589/image.jpg,peanut butter,278,359,-1,254
309,Whole Earth Organic Crunchy Palm Oil Free Peanut Butter 227g,2.75,Sainsburys,,https://assets.sainsburys-groceries.co.uk/gol/7790911/image.jpg,peanut butter,283,363,-1,233
310,Pip & Nut Peanut Butter 1kg,6.75,Sainsburys,,https://assets.sainsburys-groceries.co.uk/gol/7908283/image.jpg,peanut butter,282,365,-1,245
311,Sainsbury's 100% Smooth Almond Butter 340g,4.6,Sainsburys,,https://assets.sainsburys-groceries.co.uk/gol/7867563/image.jpg,peanut butter,281,355,-1,255
312,Sun Pat Simply Nutty Crunchy Peanut Butter 400g,2.5,Sainsburys,,https://assets.sainsburys-groceries.co.uk/gol/7904833/image.jpg,peanut butter,278,337,-1,235
313,Whole Earth Organic Smooth Palm Oil Free Peanut Butter 227g,2.75,Sainsburys,,https://assets.sainsburys-groceries.co.uk/gol/7790915/image.jpg,peanut butter,277,353,-1,256
314,Pip & Nut Crunchy Peanut Butter 300g,3,Sainsburys,,https://assets.sainsburys-groceries.co.uk/gol/8079953/image.jpg,peanut butter,278,359,-1,254
315,ManiLife Original Roast Crunchy Peanut Butter 295g,3,Sainsburys,,https://assets.sainsburys-groceries.co.uk/gol/7990667/image.jpg,peanut butter,275,350,-1,242
316,ManiLife Deep Roast Crunchy Peanut Butter 295g,3,Sainsburys,,https://assets.sainsburys-groceries.co.uk/gol/7990662/image.jpg,peanut butter,284,354,-1,248
317,Pip & Nut Smooth Almond Butter 170g,3.25,Sainsburys,,https://assets.sainsburys-groceries.co.uk/gol/8079950/image.jpg,peanut butter,281,355,-1,255
318,Pip & Nut Smooth Peanut Butter 300g,3,Sainsburys,,https://assets.sainsburys-groceries.co.uk/gol/8079492/image.jpg,peanut butter,282,365,-1,240
319,Sainsbury's 100% Smooth Almond Butter 1kg,11.6,Sainsburys,,https://assets.sainsburys-groceries.co.uk/gol/7867565/image.jpg,peanut butter,281,355,-1,255
320,Pip & Nut Smooth Almond Butter 450g,7.5,Sainsburys,,https://assets.sainsburys-groceries.co.uk/gol/7962590/image.jpg,peanut butter,281,355,-1,255
321,ManiLife Original Roast Smooth Peanut Butter 295g,3,Sainsburys,,https://assets.sainsburys-groceries.co.uk/gol/8001925/image.jpg,peanut butter,276,353,-1,242
322,Whole Earth Crunchy Peanut Butter 1kg,5.5,Sainsburys,,https://assets.sainsburys-groceries.co.uk/gol/8090064/image.jpg,peanut butter,283,338,-1,233
323,The Great British Porridge Co. Strawberry & Peanut Butter 385g,3.2,Sainsburys,,https://assets.sainsburys-groceries.co.uk/gol/7973963/image.jpg,peanut butter,283,363,-1,234
324,Whole Earth Smooth Peanut Butter 1kg,5.5,Sainsburys,,https://assets.sainsburys-groceries.co.uk/gol/8090062/image.jpg,peanut butter,274,364,-1,256
325,Pip & Nut The Ultimate Crunchy Peanut Butter 300g,2.5,Sainsburys,,https://assets.sainsburys-groceries.co.uk/gol/8079503/image.jpg,peanut butter,278,359,-1,257
326,Pip & Nut Crunchy Almond Butter 170g,3.25,Sainsburys,,https://assets.sainsburys-groceries.co.uk/gol/8079501/image.jpg,peanut butter,281,359,-1,243
327,"Pip & Nut Almond Butter Cherry Bakewell, Limited Edition 170g",3.25,Sainsburys,,https://assets.sainsburys-groceries.co.uk/gol/8081435/image.jpg,peanut butter,281,355,-1,255
328,Pip & Nut The Ultimate Smooth Peanut Butter 300g,2.5,Sainsburys,,https://assets.sainsburys-groceries.co.uk/gol/8079494/image.jpg,peanut butter,282,365,-1,256
329,Sun-Pat Smooth Peanut Butter 570g,3.5,Sainsburys,,https://assets.sainsburys-groceries.co.uk/gol/8092545/image.jpg,peanut butter,276,336,-1,240
330,ManiLife Rich Cocoa Smooth Peanut Butter 295g,3,Sainsburys,,https://assets.sainsburys-groceries.co.uk/gol/8093467/image.jpg,peanut butter,276,352,-1,237
331,Pip & Nut The Ultimate Crunchy Peanut Butter 1kg,6.75,Sainsburys,,https://assets.sainsburys-groceries.co.uk/gol/8088679/image.jpg,peanut butter,278,359,-1,257
332,Pip & Nut The Ultimate Smooth Peanut Butter 300g,2.5,Sainsburys,,https://assets.sainsburys-groceries.co.uk/gol/8079494/image.jpg,peanut butter,282,365,-1,256
333,Sun-Pat Smooth Peanut Butter 570g,3.5,Sainsburys,,https://assets.sainsburys-groceries.co.uk/gol/8092545/image.jpg,peanut butter,276,336,-1,240
334,ManiLife Rich Cocoa Smooth Peanut Butter 295g,3,Sainsburys,,https://assets.sainsburys-groceries.co.uk/gol/8093467/image.jpg,peanut butter,276,352,-1,237
335,Pip & Nut The Ultimate Crunchy Peanut Butter 1kg,6.75,Sainsburys,,https://assets.sainsburys-groceries.co.uk/gol/8088679/image.jpg,peanut butter,278,359,-1,257
336,Sun-Pat Smooth Peanut Butter,2.5,Morrisons,,https://groceries.morrisons.com/productImages/463/463774011_0_640x640.jpg?identifier=6b373fe5e9cb79d9500bec6bc424d9a1,peanut butter,276,-1,303,240
337,Sun-Pat Crunchy Peanut Butter,2.5,Morrisons,,https://groceries.morrisons.com/productImages/463/463776011_0_640x640.jpg?identifier=d0e97a3dc6c75614f8e5a337c988fc09,peanut butter,284,-1,290,254
338,Whole Earth Crunchy Peanut Butter 1Kg,5.5,Morrisons,,https://groceries.morrisons.com/productImages/523/523310011_0_640x640.jpg?identifier=337cb4fe9965a7e07190afafdef779f0,peanut butter,283,-1,322,233
339,Skippy Chunky Peanut Butter,2.5,Morrisons,,https://groceries.morrisons.com/productImages/542/542638011_0_640x640.jpg?identifier=dc23844901c3930af8c57b184c20b6f2,peanut butter,273,-1,301,254
340,Skippy Smooth Peanut Butter,2.5,Morrisons,,https://groceries.morrisons.com/productImages/542/542637011_0_640x640.jpg?identifier=5726dbf460172425e96d3a80e59f1f48,peanut butter,272,-1,318,240
341,KP Smooth Peanut Butter,2,Morrisons,,https://groceries.morrisons.com/productImages/542/542640011_0_640x640.jpg?identifier=e6ea4ce605ab610497cb698317014296,peanut butter,272,-1,303,240
342,KP Crunchy Peanut Butter,2,Morrisons,,https://groceries.morrisons.com/productImages/542/542639011_0_640x640.jpg?identifier=d4758a9a0fd9a9a3b863f2406731b22b,peanut butter,273,-1,290,254
343,Proper Nutty Slightly Salted Smunchy Peanut Butter,5.5,Morrisons,,https://groceries.morrisons.com/productImages/502/502106011_0_640x640.jpg?identifier=042a36543574f01b3472342b6af0a85d,peanut butter,278,-1,331,257
344,Morrisons Smooth Peanut Butter,1.35,Morrisons,,https://groceries.morrisons.com/productImages/212/212057011_0_640x640.jpg?identifier=a8d32662332088307af34bfb35b5b465,peanut butter,260,-1,298,240
345,Morrisons 100% Crunchy Peanut Butter,1.8,Morrisons,,https://groceries.morrisons.com/productImages/347/347346011_0_640x640.jpg?identifier=7b001009411c028bc2ccc9abfe64ed29,peanut butter,266,-1,297,241
346,Morrisons Crunchy Peanut Butter,1.35,Morrisons,,https://groceries.morrisons.com/productImages/211/211012011_0_640x640.jpg?identifier=3ffb8dcc13430d657d11bd6b41cbcba0,peanut butter,284,-1,297,241
347,Morrisons Crunchy Peanut Butter,2.5,Morrisons,,https://groceries.morrisons.com/productImages/211/211434011_0_640x640.jpg?identifier=5ed8b4c425e2769807cf01330675db7d,peanut butter,284,-1,297,241
348,Morrisons Smooth Peanut Butter,2.5,Morrisons,,https://groceries.morrisons.com/productImages/210/210580011_0_640x640.jpg?identifier=b76d8d3d71ab0fa6d25fdad9cc9a17e0,peanut butter,260,-1,298,240
349,Morrisons 100% Smooth Peanut Butter,1.8,Morrisons,,https://groceries.morrisons.com/productImages/347/347345011_0_640x640.jpg?identifier=dc3f679671b48281f917d297c335293f,peanut butter,260,-1,298,240
350,Whole Earth Original Crunchy Peanut Butter,3.75,Morrisons,,https://groceries.morrisons.com/productImages/111/111421011_0_640x640.jpg?identifier=fe7c1bcc73b27d46d4b3b9f61f44510e,peanut butter,275,-1,306,233
351,Meridian Crunchy Peanut Butter,2.8,Morrisons,,https://groceries.morrisons.com/productImages/347/347343011_0_640x640.jpg?identifier=ccadbf13c215c1deef6a1236ebf50056,peanut butter,260,-1,297,241
352,Meridian Smooth Peanut Butter,2.8,Morrisons,,https://groceries.morrisons.com/productImages/347/347341011_0_640x640.jpg?identifier=cdb6e7045976e1a9e9f649594c6fd231,peanut butter,260,-1,298,240
353,Whole Earth Original Smooth Peanut Butter,3.75,Morrisons,,https://groceries.morrisons.com/productImages/111/111420011_0_640x640.jpg?identifier=72fe1f4b3ab4802faa2a71d3b4f236cc,peanut butter,277,-1,289,256
354,Morrisons Honey Roast Crunchy Peanut Butter,1.35,Morrisons,,https://groceries.morrisons.com/productImages/270/270473011_0_640x640.jpg?identifier=243afc70544c0961e95bc41d48514be7,peanut butter,284,-1,316,251
355,Pip & Nut Smooth Almond Butter,3.25,Morrisons,,https://groceries.morrisons.com/productImages/561/561770011_0_640x640.jpg?identifier=e8cc4fc45bf5a98d8b80a6c7f0c94162,peanut butter,281,-1,317,255
356,Morrisons Reducedfat Peanut Butter,1.35,Morrisons,,https://groceries.morrisons.com/productImages/362/362085011_0_640x640.jpg?identifier=ec11f6f7956cdd7a1c58f8c50b4c84c9,peanut butter,260,-1,297,241
357,Meridian Crunchy Peanut Butter,6.5,Morrisons,,https://groceries.morrisons.com/productImages/392/392244011_0_640x640.jpg?identifier=3a67534b314b1fda635bba1b94643330,peanut butter,260,-1,297,241
358,Meridian Smooth Peanut Butter,6.5,Morrisons,,https://groceries.morrisons.com/productImages/392/392239011_0_640x640.jpg?identifier=36e60882c9a80c35456ab878b7ab4987,peanut butter,260,-1,298,240
359,Pip & Nut Crunchy Peanut Butter,3,Morrisons,,https://groceries.morrisons.com/productImages/562/562278011_0_640x640.jpg?identifier=24b06a5595a5651f9ef73dea0909e707,peanut butter,278,-1,308,254
360,Meridian Crunchy Almond Butter,3.45,Morrisons,,https://groceries.morrisons.com/productImages/279/279499011_0_640x640.jpg?identifier=959a094e26fa267fab7616aca38c33d0,peanut butter,260,-1,305,241
361,Sun-Pat No Added Sugar Smooth,3,Morrisons,,https://groceries.morrisons.com/productImages/463/463775011_0_640x640.jpg?identifier=e588b472584728086e7a8f0ca1b282aa,peanut butter,261,-1,303,249
362,Skippy Smooth Peanut Butter,2.4,Morrisons,,https://groceries.morrisons.com/productImages/398/398463011_0_640x640.jpg?identifier=a26e530b3fd5d6945d6fbd9e5bb2fba9,peanut butter,272,-1,318,240
363,Whole Earth Organic Crunchy Peanut Butter,3.3,Morrisons,,https://groceries.morrisons.com/productImages/111/111423011_0_640x640.jpg?identifier=b40a8b7e79650a3e7355c87da2d086f1,peanut butter,283,-1,306,233
364,Whole Earth Smooth Organic Peanut Butter,3.3,Morrisons,,https://groceries.morrisons.com/productImages/523/523318011_0_640x640.jpg?identifier=e40fbdf5ad7b9d04ee2faa587df990a0,peanut butter,274,-1,324,256
365,Pip & Nut Smooth Peanut Butter,3,Morrisons,,https://groceries.morrisons.com/productImages/562/562279011_0_640x640.jpg?identifier=9b3dff7dd5df9282bdfa08b68ebee00b,peanut butter,282,-1,318,240
366,Meridian Crunchy Cashew Butter,3.3,Morrisons,,https://groceries.morrisons.com/productImages/278/278923011_0_640x640.jpg?identifier=db0741ceaf3c48f744cbfaca76af4683,peanut butter,284,-1,297,247
367,Skippy Super Crunch Extra Crunchy Peanut Butter,2.4,Morrisons,,https://groceries.morrisons.com/productImages/398/398464011_0_640x640.jpg?identifier=b9bd6de6139e7a3dbc80189f8e9a8f67,peanut butter,278,-1,308,235
368,Sun-Pat Smooth Peanut Butter,3.5,Morrisons,,https://groceries.morrisons.com/productImages/542/542642011_0_640x640.jpg?identifier=9492ed5ff16aab801b7c0dacfd4b3c44,peanut butter,276,-1,303,240
369,Meridian Crunchy Peanut Butter,3.8,Morrisons,,https://groceries.morrisons.com/productImages/542/542617011_0_640x640.jpg?identifier=cceb98b551f3946000e03edc11f218ee,peanut butter,260,-1,297,241
370,Sun-Pat No Added Sugar Crunchy,3,Morrisons,,https://groceries.morrisons.com/productImages/413/413918011_0_640x640.jpg?identifier=fedca291e584808dad1a007698ea4e85,peanut butter,279,-1,303,246
371,Sun-Pat Crunchy Peanut Butter,3.5,Morrisons,,https://groceries.morrisons.com/productImages/542/542641011_0_640x640.jpg?identifier=9d6292c9f1b92a119f02c1936c942eae,peanut butter,284,-1,290,254
372,Kellogg's Crunchy Nut Peanut Butter Crunchy,2.5,Morrisons,,https://groceries.morrisons.com/productImages/542/542645011_0_640x640.jpg?identifier=40fbce0a8c64b10b9b6c1d89076c5fc2,peanut butter,268,-1,307,235
373,Proper Nutty Peanut Butter Slightly Salted,3,Morrisons,,https://groceries.morrisons.com/productImages/472/472680011_0_640x640.jpg?identifier=455bca94e121c6aad3848a6e692e2eee,peanut butter,282,-1,310,254
374,Meridian Smooth Peanut Butter,3.8,Morrisons,,https://groceries.morrisons.com/productImages/542/542616011_0_640x640.jpg?identifier=c52ef519861f413602ce0b338faa19bb,peanut butter,260,-1,298,240
375,Skippy Chocolate Chip Swirl Peanut Butter,2.65,Morrisons,,https://groceries.morrisons.com/productImages/542/542680011_0_640x640.jpg?identifier=c2f593543500c6bb19c532c3696bf80c,peanut butter,274,-1,324,256
376,Pip & Nut Smooth Peanut Butter,3,Morrisons,,https://groceries.morrisons.com/productImages/562/562279011_0_640x640.jpg?identifier=9b3dff7dd5df9282bdfa08b68ebee00b,peanut butter,282,-1,318,240
377,Meridian Crunchy Cashew Butter,3.3,Morrisons,,https://groceries.morrisons.com/productImages/278/278923011_0_640x640.jpg?identifier=db0741ceaf3c48f744cbfaca76af4683,peanut butter,284,-1,297,247
378,Skippy Super Crunch Extra Crunchy Peanut Butter,2.4,Morrisons,,https://groceries.morrisons.com/productImages/398/398464011_0_640x640.jpg?identifier=b9bd6de6139e7a3dbc80189f8e9a8f67,peanut butter,278,-1,308,235
379,Sun-Pat Smooth Peanut Butter,3.5,Morrisons,,https://groceries.morrisons.com/productImages/542/542642011_0_640x640.jpg?identifier=9492ed5ff16aab801b7c0dacfd4b3c44,peanut butter,276,-1,303,240
380,Meridian Crunchy Peanut Butter,3.8,Morrisons,,https://groceries.morrisons.com/productImages/542/542617011_0_640x640.jpg?identifier=cceb98b551f3946000e03edc11f218ee,peanut butter,260,-1,297,241
381,Sun-Pat No Added Sugar Crunchy,3,Morrisons,,https://groceries.morrisons.com/productImages/413/413918011_0_640x640.jpg?identifier=fedca291e584808dad1a007698ea4e85,peanut butter,279,-1,303,246
382,Sun-Pat Crunchy Peanut Butter,3.5,Morrisons,,https://groceries.morrisons.com/productImages/542/542641011_0_640x640.jpg?identifier=9d6292c9f1b92a119f02c1936c942eae,peanut butter,284,-1,290,254
383,Kellogg's Crunchy Nut Peanut Butter Crunchy,2.5,Morrisons,,https://groceries.morrisons.com/productImages/542/542645011_0_640x640.jpg?identifier=40fbce0a8c64b10b9b6c1d89076c5fc2,peanut butter,268,-1,307,235
384,Proper Nutty Peanut Butter Slightly Salted,3,Morrisons,,https://groceries.morrisons.com/productImages/472/472680011_0_640x640.jpg?identifier=455bca94e121c6aad3848a6e692e2eee,peanut butter,282,-1,310,254
385,Meridian Smooth Peanut Butter,3.8,Morrisons,,https://groceries.morrisons.com/productImages/542/542616011_0_640x640.jpg?identifier=c52ef519861f413602ce0b338faa19bb,peanut butter,260,-1,298,240
386,Skippy Chocolate Chip Swirl Peanut Butter,2.65,Morrisons,,https://groceries.morrisons.com/productImages/542/542680011_0_640x640.jpg?identifier=c2f593543500c6bb19c532c3696bf80c,peanut butter,274,-1,324,256
